repeat,variant,workload,ns_per_key,checksum
0,asm,latency,2.61348,12537360307805801470
0,asm,throughput,0.92167,10848175721387821924
0,asm,lookup_miss,4.37817,3820
0,asm,lookup_hit,5.21257,4194304
0,c,latency,2.59683,12537360307805801470
0,c,throughput,0.73484,10848175721387821924
0,c,lookup_miss,4.19447,3820
0,c,lookup_hit,5.22684,4194304
0,murmur,latency,2.61407,6110534022148687002
0,murmur,throughput,0.79217,10425851755087684689
0,murmur,lookup_miss,4.47218,3781
0,murmur,lookup_hit,5.22055,4194304
0,fold,latency,1.05385,14262754110372461051
0,fold,throughput,0.46637,9210309480556495884
0,fold,lookup_miss,3.84889,3727
0,fold,lookup_hit,4.69948,4194304
1,c,latency,2.72830,12537360307805801470
1,c,throughput,0.78327,10848175721387821924
1,c,lookup_miss,4.35450,3820
1,c,lookup_hit,5.24237,4194304
1,murmur,latency,2.61183,6110534022148687002
1,murmur,throughput,0.71888,10425851755087684689
1,murmur,lookup_miss,4.17525,3781
1,murmur,lookup_hit,5.34416,4194304
1,fold,latency,1.07594,14262754110372461051
1,fold,throughput,0.46103,9210309480556495884
1,fold,lookup_miss,3.91198,3727
1,fold,lookup_hit,4.74635,4194304
1,asm,latency,2.63430,12537360307805801470
1,asm,throughput,0.80800,10848175721387821924
1,asm,lookup_miss,4.26139,3820
1,asm,lookup_hit,5.46855,4194304
2,murmur,latency,2.93084,6110534022148687002
2,murmur,throughput,0.78766,10425851755087684689
2,murmur,lookup_miss,4.45545,3781
2,murmur,lookup_hit,5.53121,4194304
2,fold,latency,1.14408,14262754110372461051
2,fold,throughput,0.47879,9210309480556495884
2,fold,lookup_miss,4.08462,3727
2,fold,lookup_hit,4.94035,4194304
2,asm,latency,2.63150,12537360307805801470
2,asm,throughput,0.81678,10848175721387821924
2,asm,lookup_miss,4.37201,3820
2,asm,lookup_hit,5.34134,4194304
2,c,latency,2.68605,12537360307805801470
2,c,throughput,0.83158,10848175721387821924
2,c,lookup_miss,4.57425,3820
2,c,lookup_hit,5.51165,4194304
3,fold,latency,1.09671,14262754110372461051
3,fold,throughput,0.44728,9210309480556495884
3,fold,lookup_miss,3.79687,3727
3,fold,lookup_hit,4.92267,4194304
3,asm,latency,2.64911,12537360307805801470
3,asm,throughput,0.80612,10848175721387821924
3,asm,lookup_miss,4.42837,3820
3,asm,lookup_hit,5.37004,4194304
3,c,latency,2.66301,12537360307805801470
3,c,throughput,0.78407,10848175721387821924
3,c,lookup_miss,4.32535,3820
3,c,lookup_hit,5.60293,4194304
3,murmur,latency,2.95942,6110534022148687002
3,murmur,throughput,0.87402,10425851755087684689
3,murmur,lookup_miss,4.83972,3781
3,murmur,lookup_hit,5.87941,4194304
4,asm,latency,2.82194,12537360307805801470
4,asm,throughput,0.80615,10848175721387821924
4,asm,lookup_miss,4.50845,3820
4,asm,lookup_hit,5.59607,4194304
4,c,latency,2.75004,12537360307805801470
4,c,throughput,0.77022,10848175721387821924
4,c,lookup_miss,4.52197,3820
4,c,lookup_hit,5.48484,4194304
4,murmur,latency,2.61596,6110534022148687002
4,murmur,throughput,0.79588,10425851755087684689
4,murmur,lookup_miss,4.93776,3781
4,murmur,lookup_hit,5.85702,4194304
4,fold,latency,1.13437,14262754110372461051
4,fold,throughput,0.46596,9210309480556495884
4,fold,lookup_miss,4.08493,3727
4,fold,lookup_hit,4.95974,4194304
5,c,latency,2.78557,12537360307805801470
5,c,throughput,0.78860,10848175721387821924
5,c,lookup_miss,4.76517,3820
5,c,lookup_hit,5.72467,4194304
5,murmur,latency,2.74034,6110534022148687002
5,murmur,throughput,0.78020,10425851755087684689
5,murmur,lookup_miss,4.38800,3781
5,murmur,lookup_hit,5.96537,4194304
5,fold,latency,1.17840,14262754110372461051
5,fold,throughput,0.49459,9210309480556495884
5,fold,lookup_miss,4.04219,3727
5,fold,lookup_hit,4.97560,4194304
5,asm,latency,2.60746,12537360307805801470
5,asm,throughput,0.80561,10848175721387821924
5,asm,lookup_miss,4.32680,3820
5,asm,lookup_hit,5.32716,4194304
6,murmur,latency,2.67853,6110534022148687002
6,murmur,throughput,0.71893,10425851755087684689
6,murmur,lookup_miss,4.20518,3781
6,murmur,lookup_hit,5.37084,4194304
6,fold,latency,1.04600,14262754110372461051
6,fold,throughput,0.56680,9210309480556495884
6,fold,lookup_miss,3.81898,3727
6,fold,lookup_hit,4.87654,4194304
6,asm,latency,2.57764,12537360307805801470
6,asm,throughput,0.79731,10848175721387821924
6,asm,lookup_miss,4.55626,3820
6,asm,lookup_hit,5.46671,4194304
6,c,latency,2.69753,12537360307805801470
6,c,throughput,0.73894,10848175721387821924
6,c,lookup_miss,4.74543,3820
6,c,lookup_hit,5.49196,4194304
7,fold,latency,1.07648,14262754110372461051
7,fold,throughput,0.45087,9210309480556495884
7,fold,lookup_miss,3.86333,3727
7,fold,lookup_hit,4.79501,4194304
7,asm,latency,2.75226,12537360307805801470
7,asm,throughput,0.78911,10848175721387821924
7,asm,lookup_miss,4.42951,3820
7,asm,lookup_hit,5.35623,4194304
7,c,latency,2.61770,12537360307805801470
7,c,throughput,0.76316,10848175721387821924
7,c,lookup_miss,4.27107,3820
7,c,lookup_hit,5.38068,4194304
7,murmur,latency,2.83545,6110534022148687002
7,murmur,throughput,0.77808,10425851755087684689
7,murmur,lookup_miss,4.39784,3781
7,murmur,lookup_hit,5.28891,4194304
8,asm,latency,2.76276,12537360307805801470
8,asm,throughput,0.82591,10848175721387821924
8,asm,lookup_miss,4.31749,3820
8,asm,lookup_hit,5.47536,4194304
8,c,latency,2.84613,12537360307805801470
8,c,throughput,0.77721,10848175721387821924
8,c,lookup_miss,4.21863,3820
8,c,lookup_hit,5.40123,4194304
8,murmur,latency,2.50893,6110534022148687002
8,murmur,throughput,0.78784,10425851755087684689
8,murmur,lookup_miss,4.31603,3781
8,murmur,lookup_hit,5.36673,4194304
8,fold,latency,1.10492,14262754110372461051
8,fold,throughput,0.43603,9210309480556495884
8,fold,lookup_miss,3.79661,3727
8,fold,lookup_hit,4.77563,4194304
